"Date","Source","Site ID","POC","Daily Max 8-hour Ozone Concentration","UNITS","DAILY_AQI_VALUE","Site Name","DAILY_OBS_COUNT","PERCENT_COMPLETE","AQS_PARAMETER_CODE","AQS_PARAMETER_DESC","CBSA_CODE","CBSA_NAME","STATE_CODE","STATE","COUNTY_CODE","COUNTY","SITE_LATITUDE","SITE_LONGITUDE"
"01/01/2016","AQS","040139997","1","0.03","ppm","28","JLG SUPERSITE","17","100.0000","44201","Ozone","38060","Phoenix-Mesa-Scottsdale, AZ","04","Arizona","013","Maricopa","33.503833","-112.095767"
"01/02/2016","AQS","040139997","1","0.032","ppm","30","JLG SUPERSITE","17","100.0000","44201","Ozone","38060","Phoenix-Mesa-Scottsdale, AZ","04","Arizona","013","Maricopa","33.503833","-112.095767"
"01/03/2016","AQS","040139997","1","0.035","ppm","32","JLG SUPERSITE","17","100.0000","44201","Ozone","38060","Phoenix-Mesa-Scottsdale, AZ","04","Arizona","013","Maricopa","33.503833","-112.095767"
"01/04/2016","AQS","040139997","1","0.024","ppm","22","JLG SUPERSITE","17","100.0000","44201","Ozone","38060","Phoenix-Mesa-Scottsdale, AZ","04","Arizona","013","Maricopa","33.503833","-112.095767"
"01/05/2016","AQS","040139997","1","0.029","ppm","27","JLG SUPERSITE","17","100.0000","44201","Ozone","38060","Phoenix-Mesa-Scottsdale, AZ","04","Arizona","013","Maricopa","33.503833","-112.095767"
"01/06/2016","AQS","040139997","1","0.038","ppm","35","JLG SUPERSITE","17","100.0000","44201","Ozone","38060","Phoenix-Mesa-Scottsdale, AZ","04","Arizona","013","Maricopa","33.503833","-112.095767"
"01/07/2016","AQS","040139997","1","0.032","ppm","30","JLG SUPERSITE","17","100.0000","44201","Ozone","38060","Phoenix-Mesa-Scottsdale, AZ","04","Arizona","013","Maricopa","33.503833","-112.095767"
"01/08/2016","AQS","040139997","1","0.035","ppm","32","JLG SUPERSITE","17","100.0000","44201","Ozone","38060","Phoenix-Mesa-Scottsdale, AZ","04","Arizona","013","Maricopa","33.503833","-112.095767"
"01/09/2016","AQS","040139997","1","0.03","ppm","28","JLG SUPERSITE","17","100.0000","44201","Ozone","38060","Phoenix-Mesa-Scottsdale, AZ","04","Arizona","013","Maricopa","33.503833","-112.095767"
"01/10/2016","AQS","040139997","1","0.027","ppm","25","JLG SUPERSITE","17","100.0000","44201","Ozone","38060","Phoenix-Mesa-Scottsdale, AZ","04","Arizona","013","Maricopa","33.503833","-112.095767"
"01/11/2016","AQS","040139997","1","0.031","ppm","29","JLG SUPERSITE","17","100.0000","44201","Ozone","38060","Phoenix-Mesa-Scottsdale, AZ","04","Arizona","013","Maricopa","33.503833","-112.095767"
"01/12/2016","AQS","040139997","1","0.03","ppm","28","JLG SUPERSITE","17","100.0000","44201","Ozone","38060","Phoenix-Mesa-Scottsdale, AZ","04","Arizona","013","Maricopa","33.503833","-112.095767"
"01/13/2016","AQS","040139997","1","0.024","ppm","22","JLG SUPERSITE","17","100.0000","44201","Ozone","38060","Phoenix-Mesa-Scottsdale, AZ","04","Arizona","013","Maricopa","33.503833","-112.095767"
"01/14/2016","AQS","040139997","1","0.026","ppm","24","JLG SUPERSITE","17","100.0000","44201","Ozone","38060","Phoenix-Mesa-Scottsdale, AZ","04","Arizona","013","Maricopa","33.503833","-112.095767"
"01/15/2016","AQS","040139997","1","0.023","ppm","21","JLG SUPERSITE","17","100.0000","44201","Ozone","38060","Phoenix-Mesa-Scottsdale, AZ","04","Arizona","013","Maricopa","33.503833","-112.095767"
"01/16/2016","AQS","040139997","1","0.027","ppm","25","JLG SUPERSITE","17","100.0000","44201","Ozone","38060","Phoenix-Mesa-Scottsdale, AZ","04","Arizona","013","Maricopa","33.503833","-112.095767"
"01/17/2016","AQS","040139997","1","0.033","ppm","31","JLG SUPERSITE","17","100.0000","44201","Ozone","38060","Phoenix-Mesa-Scottsdale, AZ","04","Arizona","013","Maricopa","33.503833","-112.095767"
"01/18/2016","AQS","040139997","1","0.02","ppm","19","JLG SUPERSITE","17","100.0000","44201","Ozone","38060","Phoenix-Mesa-Scottsdale, AZ","04","Arizona","013","Maricopa","33.503833","-112.095767"
"01/19/2016","AQS","040139997","1","0.021","ppm","19","JLG SUPERSITE","17","100.0000","44201","Ozone","38060","Phoenix-Mesa-Scottsdale, AZ","04","Arizona","013","Maricopa","33.503833","-112.095767"
"01/20/2016","AQS","040139997","1","0.028","ppm","26","JLG SUPERSITE","17","100.0000","44201","Ozone","38060","Phoenix-Mesa-Scottsdale, AZ","04","Arizona","013","Maricopa","33.503833","-112.095767"
"01/21/2016","AQS","040139997","1","0.033","ppm","31","JLG SUPERSITE","17","100.0000","44201","Ozone","38060","Phoenix-Mesa-Scottsdale, AZ","04","Arizona","013","Maricopa","33.503833","-112.095767"
"01/22/2016","AQS","040139997","1","0.029","ppm","27","JLG SUPERSITE","17","100.0000","44201","Ozone","38060","Phoenix-Mesa-Scottsdale, AZ","04","Arizona","013","Maricopa","33.503833","-112.095767"
"01/23/2016","AQS","040139997","1","0.025","ppm","23","JLG SUPERSITE","17","100.0000","44201","Ozone","38060","Phoenix-Mesa-Scottsdale, AZ","04","Arizona","013","Maricopa","33.503833","-112.095767"
"01/24/2016","AQS","040139997","1","0.034","ppm","31","JLG SUPERSITE","17","100.0000","44201","Ozone","38060","Phoenix-Mesa-Scottsdale, AZ","04","Arizona","013","Maricopa","33.503833","-112.095767"
"01/25/2016","AQS","040139997","1","0.03","ppm","28","JLG SUPERSITE","17","100.0000","44201","Ozone","38060","Phoenix-Mesa-Scottsdale, AZ","04","Arizona","013","Maricopa","33.503833","-112.095767"
"01/26/2016","AQS","040139997","1","0.039","ppm","36","JLG SUPERSITE","17","100.0000","44201","Ozone","38060","Phoenix-Mesa-Scottsdale, AZ","04","Arizona","013","Maricopa","33.503833","-112.095767"
"01/27/2016","AQS","040139997","1","0.039","ppm","36","JLG SUPERSITE","17","100.0000","44201","Ozone","38060","Phoenix-Mesa-Scottsdale, AZ","04","Arizona","013","Maricopa","33.503833","-112.095767"
"01/28/2016","AQS","040139997","1","0.031","ppm","29","JLG SUPERSITE","17","100.0000","44201","Ozone","38060","Phoenix-Mesa-Scottsdale, AZ","04","Arizona","013","Maricopa","33.503833","-112.095767"
"01/29/2016","AQS","040139997","1","0.028","ppm","26","JLG SUPERSITE","17","100.0000","44201","Ozone","38060","Phoenix-Mesa-Scottsdale, AZ","04","Arizona","013","Maricopa","33.503833","-112.095767"
"01/30/2016","AQS","040139997","1","0.033","ppm","31","JLG SUPERSITE","17","100.0000","44201","Ozone","38060","Phoenix-Mesa-Scottsdale, AZ","04","Arizona","013","Maricopa","33.503833","-112.095767"
"01/31/2016","AQS","040139997","1","0.038","ppm","35","JLG SUPERSITE","17","100.0000","44201","Ozone","38060","Phoenix-Mesa-Scottsdale, AZ","04","Arizona","013","Maricopa","33.503833","-112.095767"
"02/01/2016","AQS","040139997","1","0.036","ppm","33","JLG SUPERSITE","17","100.0000","44201","Ozone","38060","Phoenix-Mesa-Scottsdale, AZ","04","Arizona","013","Maricopa","33.503833","-112.095767"
"02/02/2016","AQS","040139997","1","0.037","ppm","34","JLG SUPERSITE","17","100.0000","44201","Ozone","38060","Phoenix-Mesa-Scottsdale, AZ","04","Arizona","013","Maricopa","33.503833","-112.095767"
"02/03/2016","AQS","040139997","1","0.033","ppm","31","JLG SUPERSITE","17","100.0000","44201","Ozone","38060","Phoenix-Mesa-Scottsdale, AZ","04","Arizona","013","Maricopa","33.503833","-112.095767"
"02/04/2016","AQS","040139997","1","0.033","ppm","31","JLG SUPERSITE","17","100.0000","44201","Ozone","38060","Phoenix-Mesa-Scottsdale, AZ","04","Arizona","013","Maricopa","33.503833","-112.095767"
"02/05/2016","AQS","040139997","1","0.038","ppm","35","JLG SUPERSITE","17","100.0000","44201","Ozone","38060","Phoenix-Mesa-Scottsdale, AZ","04","Arizona","013","Maricopa","33.503833","-112.095767"
"02/06/2016","AQS","040139997","1","0.042","ppm","39","JLG SUPERSITE","17","100.0000","44201","Ozone","38060","Phoenix-Mesa-Scottsdale, AZ","04","Arizona","013","Maricopa","33.503833","-112.095767"
"02/07/2016","AQS","040139997","1","0.037","ppm","34","JLG SUPERSITE","17","100.0000","44201","Ozone","38060","Phoenix-Mesa-Scottsdale, AZ","04","Arizona","013","Maricopa","33.503833","-112.095767"
"02/08/2016","AQS","040139997","1","0.039","ppm","36","JLG SUPERSITE","17","100.0000","44201","Ozone","38060","Phoenix-Mesa-Scottsdale, AZ","04","Arizona","013","Maricopa","33.503833","-112.095767"
"02/09/2016","AQS","040139997","1","0.041","ppm","38","JLG SUPERSITE","17","100.0000","44201","Ozone","38060","Phoenix-Mesa-Scottsdale, AZ","04","Arizona","013","Maricopa","33.503833","-112.095767"
"02/10/2016","AQS","040139997","1","0.037","ppm","34","JLG SUPERSITE","17","100.0000","44201","Ozone","38060","Phoenix-Mesa-Scottsdale, AZ","04","Arizona","013","Maricopa","33.503833","-112.095767"
"02/11/2016","AQS","040139997","1","0.034","ppm","31","JLG SUPERSITE","17","100.0000","44201","Ozone","38060","Phoenix-Mesa-Scottsdale, AZ","04","Arizona","013","Maricopa","33.503833","-112.095767"
"02/12/2016","AQS","040139997","1","0.035","ppm","32","JLG SUPERSITE","17","100.0000","44201","Ozone","38060","Phoenix-Mesa-Scottsdale, AZ","04","Arizona","013","Maricopa","33.503833","-112.095767"
"02/13/2016","AQS","040139997","1","0.037","ppm","34","JLG SUPERSITE","17","100.0000","44201","Ozone","38060","Phoenix-Mesa-Scottsdale, AZ","04","Arizona","013","Maricopa","33.503833","-112.095767"
"02/14/2016","AQS","040139997","1","0.042","ppm","39","JLG SUPERSITE","17","100.0000","44201","Ozone","38060","Phoenix-Mesa-Scottsdale, AZ","04","Arizona","013","Maricopa","33.503833","-112.095767"
"02/15/2016","AQS","040139997","1","0.036","ppm","33","JLG SUPERSITE","17","100.0000","44201","Ozone","38060","Phoenix-Mesa-Scottsdale, AZ","04","Arizona","013","Maricopa","33.503833","-112.095767"
"02/16/2016","AQS","040139997","1","0.034","ppm","31","JLG SUPERSITE","17","100.0000","44201","Ozone","38060","Phoenix-Mesa-Scottsdale, AZ","04","Arizona","013","Maricopa","33.503833","-112.095767"
"02/17/2016","AQS","040139997","1","0.037","ppm","34","JLG SUPERSITE","17","100.0000","44201","Ozone","38060","Phoenix-Mesa-Scottsdale, AZ","04","Arizona","013","Maricopa","33.503833","-112.095767"
"02/23/2016","AQS","040139997","1","0.05","ppm","46","JLG SUPERSITE","17","100.0000","44201","Ozone","38060","Phoenix-Mesa-Scottsdale, AZ","04","Arizona","013","Maricopa","33.503833","-112.095767"
"02/24/2016","AQS","040139997","1","0.05","ppm","46","JLG SUPERSITE","17","100.0000","44201","Ozone","38060","Phoenix-Mesa-Scottsdale, AZ","04","Arizona","013","Maricopa","33.503833","-112.095767"
"02/25/2016","AQS","040139997","1","0.049","ppm","45","JLG SUPERSITE","17","100.0000","44201","Ozone","38060","Phoenix-Mesa-Scottsdale, AZ","04","Arizona","013","Maricopa","33.503833","-112.095767"
"02/26/2016","AQS","040139997","1","0.05","ppm","46","JLG SUPERSITE","17","100.0000","44201","Ozone","38060","Phoenix-Mesa-Scottsdale, AZ","04","Arizona","013","Maricopa","33.503833","-112.095767"
"02/27/2016","AQS","040139997","1","0.051","ppm","47","JLG SUPERSITE","17","100.0000","44201","Ozone","38060","Phoenix-Mesa-Scottsdale, AZ","04","Arizona","013","Maricopa","33.503833","-112.095767"
"02/28/2016","AQS","040139997","1","0.054","ppm","50","JLG SUPERSITE","17","100.0000","44201","Ozone","38060","Phoenix-Mesa-Scottsdale, AZ","04","Arizona","013","Maricopa","33.503833","-112.095767"
"02/29/2016","AQS","040139997","1","0.05","ppm","46","JLG SUPERSITE","17","100.0000","44201","Ozone","38060","Phoenix-Mesa-Scottsdale, AZ","04","Arizona","013","Maricopa","33.503833","-112.095767"
"03/01/2016","AQS","040139997","1","0.05","ppm","46","JLG SUPERSITE","17","100.0000","44201","Ozone","38060","Phoenix-Mesa-Scottsdale, AZ","04","Arizona","013","Maricopa","33.503833","-112.095767"
"03/02/2016","AQS","040139997","1","0.049","ppm","45","JLG SUPERSITE","17","100.0000","44201","Ozone","38060","Phoenix-Mesa-Scottsdale, AZ","04","Arizona","013","Maricopa","33.503833","-112.095767"
"03/03/2016","AQS","040139997","1","0.052","ppm","48","JLG SUPERSITE","17","100.0000","44201","Ozone","38060","Phoenix-Mesa-Scottsdale, AZ","04","Arizona","013","Maricopa","33.503833","-112.095767"
"03/04/2016","AQS","040139997","1","0.052","ppm","48","JLG SUPERSITE","17","100.0000","44201","Ozone","38060","Phoenix-Mesa-Scottsdale, AZ","04","Arizona","013","Maricopa","33.503833","-112.095767"
"03/05/2016","AQS","040139997","1","0.044","ppm","41","JLG SUPERSITE","17","100.0000","44201","Ozone","38060","Phoenix-Mesa-Scottsdale, AZ","04","Arizona","013","Maricopa","33.503833","-112.095767"
"03/06/2016","AQS","040139997","1","0.04","ppm","37","JLG SUPERSITE","17","100.0000","44201","Ozone","38060","Phoenix-Mesa-Scottsdale, AZ","04","Arizona","013","Maricopa","33.503833","-112.095767"
"03/07/2016","AQS","040139997","1","0.046","ppm","43","JLG SUPERSITE","17","100.0000","44201","Ozone","38060","Phoenix-Mesa-Scottsdale, AZ","04","Arizona","013","Maricopa","33.503833","-112.095767"
"03/08/2016","AQS","040139997","1","0.045","ppm","42","JLG SUPERSITE","17","100.0000","44201","Ozone","38060","Phoenix-Mesa-Scottsdale, AZ","04","Arizona","013","Maricopa","33.503833","-112.095767"
"03/09/2016","AQS","040139997","1","0.046","ppm","43","JLG SUPERSITE","17","100.0000","44201","Ozone","38060","Phoenix-Mesa-Scottsdale, AZ","04","Arizona","013","Maricopa","33.503833","-112.095767"
"03/10/2016","AQS","040139997","1","0.047","ppm","44","JLG SUPERSITE","17","100.0000","44201","Ozone","38060","Phoenix-Mesa-Scottsdale, AZ","04","Arizona","013","Maricopa","33.503833","-112.095767"
"03/11/2016","AQS","040139997","1","0.046","ppm","43","JLG SUPERSITE","17","100.0000","44201","Ozone","38060","Phoenix-Mesa-Scottsdale, AZ","04","Arizona","013","Maricopa","33.503833","-112.095767"
"03/12/2016","AQS","040139997","1","0.047","ppm","44","JLG SUPERSITE","17","100.0000","44201","Ozone","38060","Phoenix-Mesa-Scottsdale, AZ","04","Arizona","013","Maricopa","33.503833","-112.095767"
"03/13/2016","AQS","040139997","1","0.05","ppm","46","JLG SUPERSITE","17","100.0000","44201","Ozone","38060","Phoenix-Mesa-Scottsdale, AZ","04","Arizona","013","Maricopa","33.503833","-112.095767"
"03/14/2016","AQS","040139997","1","0.047","ppm","44","JLG SUPERSITE","17","100.0000","44201","Ozone","38060","Phoenix-Mesa-Scottsdale, AZ","04","Arizona","013","Maricopa","33.503833","-112.095767"
"03/15/2016","AQS","040139997","1","0.05","ppm","46","JLG SUPERSITE","17","100.0000","44201","Ozone","38060","Phoenix-Mesa-Scottsdale, AZ","04","Arizona","013","Maricopa","33.503833","-112.095767"
"03/16/2016","AQS","040139997","1","0.052","ppm","48","JLG SUPERSITE","17","100.0000","44201","Ozone","38060","Phoenix-Mesa-Scottsdale, AZ","04","Arizona","013","Maricopa","33.503833","-112.095767"
"03/17/2016","AQS","040139997","1","0.051","ppm","47","JLG SUPERSITE","17","100.0000","44201","Ozone","38060","Phoenix-Mesa-Scottsdale, AZ","04","Arizona","013","Maricopa","33.503833","-112.095767"
"03/18/2016","AQS","040139997","1","0.05","ppm","46","JLG SUPERSITE","17","100.0000","44201","Ozone","38060","Phoenix-Mesa-Scottsdale, AZ","04","Arizona","013","Maricopa","33.503833","-112.095767"
"03/19/2016","AQS","040139997","1","0.053","ppm","49","JLG SUPERSITE","17","100.0000","44201","Ozone","38060","Phoenix-Mesa-Scottsdale, AZ","04","Arizona","013","Maricopa","33.503833","-112.095767"
"03/20/2016","AQS","040139997","1","0.055","ppm","51","JLG SUPERSITE","17","100.0000","44201","Ozone","38060","Phoenix-Mesa-Scottsdale, AZ","04","Arizona","013","Maricopa","33.503833","-112.095767"
"03/21/2016","AQS","040139997","1","0.052","ppm","48","JLG SUPERSITE","17","100.0000","44201","Ozone","38060","Phoenix-Mesa-Scottsdale, AZ","04","Arizona","013","Maricopa","33.503833","-112.095767"
"03/22/2016","AQS","040139997","1","0.048","ppm","44","JLG SUPERSITE","17","100.0000","44201","Ozone","38060","Phoenix-Mesa-Scottsdale, AZ","04","Arizona","013","Maricopa","33.503833","-112.095767"
"03/23/2016","AQS","040139997","1","0.042","ppm","39","JLG SUPERSITE","17","100.0000","44201","Ozone","38060","Phoenix-Mesa-Scottsdale, AZ","04","Arizona","013","Maricopa","33.503833","-112.095767"
"03/24/2016","AQS","040139997","1","0.049","ppm","45","JLG SUPERSITE","17","100.0000","44201","Ozone","38060","Phoenix-Mesa-Scottsdale, AZ","04","Arizona","013","Maricopa","33.503833","-112.095767"
"03/25/2016","AQS","040139997","1","0.051","ppm","47","JLG SUPERSITE","17","100.0000","44201","Ozone","38060","Phoenix-Mesa-Scottsdale, AZ","04","Arizona","013","Maricopa","33.503833","-112.095767"
"04/05/2016","AQS","040139997","1","0.064","ppm","80","JLG SUPERSITE","15","88.0000","44201","Ozone","38060","Phoenix-Mesa-Scottsdale, AZ","04","Arizona","013","Maricopa","33.503833","-112.095767"
"04/06/2016","AQS","040139997","1","0.062","ppm","74","JLG SUPERSITE","17","100.0000","44201","Ozone","38060","Phoenix-Mesa-Scottsdale, AZ","04","Arizona","013","Maricopa","33.503833","-112.095767"
"04/07/2016","AQS","040139997","1","0.05","ppm","46","JLG SUPERSITE","17","100.0000","44201","Ozone","38060","Phoenix-Mesa-Scottsdale, AZ","04","Arizona","013","Maricopa","33.503833","-112.095767"
"04/08/2016","AQS","040139997","1","0.047","ppm","44","JLG SUPERSITE","17","100.0000","44201","Ozone","38060","Phoenix-Mesa-Scottsdale, AZ","04","Arizona","013","Maricopa","33.503833","-112.095767"
"04/09/2016","AQS","040139997","1","0.046","ppm","43","JLG SUPERSITE","17","100.0000","44201","Ozone","38060","Phoenix-Mesa-Scottsdale, AZ","04","Arizona","013","Maricopa","33.503833","-112.095767"
"04/10/2016","AQS","040139997","1","0.036","ppm","33","JLG SUPERSITE","17","100.0000","44201","Ozone","38060","Phoenix-Mesa-Scottsdale, AZ","04","Arizona","013","Maricopa","33.503833","-112.095767"
"04/11/2016","AQS","040139997","1","0.057","ppm","58","JLG SUPERSITE","17","100.0000","44201","Ozone","38060","Phoenix-Mesa-Scottsdale, AZ","04","Arizona","013","Maricopa","33.503833","-112.095767"
"04/12/2016","AQS","040139997","1","0.055","ppm","51","JLG SUPERSITE","17","100.0000","44201","Ozone","38060","Phoenix-Mesa-Scottsdale, AZ","04","Arizona","013","Maricopa","33.503833","-112.095767"
"04/13/2016","AQS","040139997","1","0.061","ppm","71","JLG SUPERSITE","17","100.0000","44201","Ozone","38060","Phoenix-Mesa-Scottsdale, AZ","04","Arizona","013","Maricopa","33.503833","-112.095767"
"04/14/2016","AQS","040139997","1","0.057","ppm","58","JLG SUPERSITE","17","100.0000","44201","Ozone","38060","Phoenix-Mesa-Scottsdale, AZ","04","Arizona","013","Maricopa","33.503833","-112.095767"
"04/15/2016","AQS","040139997","1","0.061","ppm","71","JLG SUPERSITE","17","100.0000","44201","Ozone","38060","Phoenix-Mesa-Scottsdale, AZ","04","Arizona","013","Maricopa","33.503833","-112.095767"
"04/16/2016","AQS","040139997","1","0.054","ppm","50","JLG SUPERSITE","17","100.0000","44201","Ozone","38060","Phoenix-Mesa-Scottsdale, AZ","04","Arizona","013","Maricopa","33.503833","-112.095767"
"04/17/2016","AQS","040139997","1","0.053","ppm","49","JLG SUPERSITE","17","100.0000","44201","Ozone","38060","Phoenix-Mesa-Scottsdale, AZ","04","Arizona","013","Maricopa","33.503833","-112.095767"
"04/18/2016","AQS","040139997","1","0.06","ppm","67","JLG SUPERSITE","17","100.0000","44201","Ozone","38060","Phoenix-Mesa-Scottsdale, AZ","04","Arizona","013","Maricopa","33.503833","-112.095767"
"04/19/2016","AQS","040139997","1","0.064","ppm","80","JLG SUPERSITE","17","100.0000","44201","Ozone","38060","Phoenix-Mesa-Scottsdale, AZ","04","Arizona","013","Maricopa","33.503833","-112.095767"
"04/20/2016","AQS","040139997","1","0.067","ppm","90","JLG SUPERSITE","17","100.0000","44201","Ozone","38060","Phoenix-Mesa-Scottsdale, AZ","04","Arizona","013","Maricopa","33.503833","-112.095767"
"04/21/2016","AQS","040139997","1","0.067","ppm","90","JLG SUPERSITE","17","100.0000","44201","Ozone","38060","Phoenix-Mesa-Scottsdale, AZ","04","Arizona","013","Maricopa","33.503833","-112.095767"
"04/22/2016","AQS","040139997","1","0.057","ppm","58","JLG SUPERSITE","17","100.0000","44201","Ozone","38060","Phoenix-Mesa-Scottsdale, AZ","04","Arizona","013","Maricopa","33.503833","-112.095767"
"04/23/2016","AQS","040139997","1","0.056","ppm","54","JLG SUPERSITE","17","100.0000","44201","Ozone","38060","Phoenix-Mesa-Scottsdale, AZ","04","Arizona","013","Maricopa","33.503833","-112.095767"
"04/24/2016","AQS","040139997","1","0.07","ppm","100","JLG SUPERSITE","17","100.0000","44201","Ozone","38060","Phoenix-Mesa-Scottsdale, AZ","04","Arizona","013","Maricopa","33.503833","-112.095767"
"04/25/2016","AQS","040139997","1","0.064","ppm","80","JLG SUPERSITE","17","100.0000","44201","Ozone","38060","Phoenix-Mesa-Scottsdale, AZ","04","Arizona","013","Maricopa","33.503833","-112.095767"
"04/26/2016","AQS","040139997","1","0.055","ppm","51","JLG SUPERSITE","17","100.0000","44201","Ozone","38060","Phoenix-Mesa-Scottsdale, AZ","04","Arizona","013","Maricopa","33.503833","-112.095767"
"05/04/2016","AQS","040139997","1","0.063","ppm","77","JLG SUPERSITE","17","100.0000","44201","Ozone","38060","Phoenix-Mesa-Scottsdale, AZ","04","Arizona","013","Maricopa","33.503833","-112.095767"
"05/05/2016","AQS","040139997","1","0.054","ppm","50","JLG SUPERSITE","17","100.0000","44201","Ozone","38060","Phoenix-Mesa-Scottsdale, AZ","04","Arizona","013","Maricopa","33.503833","-112.095767"
"05/06/2016","AQS","040139997","1","0.045","ppm","42","JLG SUPERSITE","17","100.0000","44201","Ozone","38060","Phoenix-Mesa-Scottsdale, AZ","04","Arizona","013","Maricopa","33.503833","-112.095767"
"05/07/2016","AQS","040139997","1","0.053","ppm","49","JLG SUPERSITE","17","100.0000","44201","Ozone","38060","Phoenix-Mesa-Scottsdale, AZ","04","Arizona","013","Maricopa","33.503833","-112.095767"
"05/08/2016","AQS","040139997","1","0.05","ppm","46","JLG SUPERSITE","17","100.0000","44201","Ozone","38060","Phoenix-Mesa-Scottsdale, AZ","04","Arizona","013","Maricopa","33.503833","-112.095767"
"05/09/2016","AQS","040139997","1","0.054","ppm","50","JLG SUPERSITE","17","100.0000","44201","Ozone","38060","Phoenix-Mesa-Scottsdale, AZ","04","Arizona","013","Maricopa","33.503833","-112.095767"
"05/10/2016","AQS","040139997","1","0.054","ppm","50","JLG SUPERSITE","17","100.0000","44201","Ozone","38060","Phoenix-Mesa-Scottsdale, AZ","04","Arizona","013","Maricopa","33.503833","-112.095767"
"05/11/2016","AQS","040139997","1","0.062","ppm","74","JLG SUPERSITE","17","100.0000","44201","Ozone","38060","Phoenix-Mesa-Scottsdale, AZ","04","Arizona","013","Maricopa","33.503833","-112.095767"
"05/12/2016","AQS","040139997","1","0.07","ppm","100","JLG SUPERSITE","17","100.0000","44201","Ozone","38060","Phoenix-Mesa-Scottsdale, AZ","04","Arizona","013","Maricopa","33.503833","-112.095767"
"05/13/2016","AQS","040139997","1","0.063","ppm","77","JLG SUPERSITE","17","100.0000","44201","Ozone","38060","Phoenix-Mesa-Scottsdale, AZ","04","Arizona","013","Maricopa","33.503833","-112.095767"
"05/14/2016","AQS","040139997","1","0.042","ppm","39","JLG SUPERSITE","17","100.0000","44201","Ozone","38060","Phoenix-Mesa-Scottsdale, AZ","04","Arizona","013","Maricopa","33.503833","-112.095767"
"05/15/2016","AQS","040139997","1","0.048","ppm","44","JLG SUPERSITE","17","100.0000","44201","Ozone","38060","Phoenix-Mesa-Scottsdale, AZ","04","Arizona","013","Maricopa","33.503833","-112.095767"
"05/16/2016","AQS","040139997","1","0.051","ppm","47","JLG SUPERSITE","17","100.0000","44201","Ozone","38060","Phoenix-Mesa-Scottsdale, AZ","04","Arizona","013","Maricopa","33.503833","-112.095767"
"05/17/2016","AQS","040139997","1","0.052","ppm","48","JLG SUPERSITE","17","100.0000","44201","Ozone","38060","Phoenix-Mesa-Scottsdale, AZ","04","Arizona","013","Maricopa","33.503833","-112.095767"
"05/18/2016","AQS","040139997","1","0.059","ppm","64","JLG SUPERSITE","17","100.0000","44201","Ozone","38060","Phoenix-Mesa-Scottsdale, AZ","04","Arizona","013","Maricopa","33.503833","-112.095767"
"05/19/2016","AQS","040139997","1","0.066","ppm","87","JLG SUPERSITE","17","100.0000","44201","Ozone","38060","Phoenix-Mesa-Scottsdale, AZ","04","Arizona","013","Maricopa","33.503833","-112.095767"
"05/20/2016","AQS","040139997","1","0.053","ppm","49","JLG SUPERSITE","17","100.0000","44201","Ozone","38060","Phoenix-Mesa-Scottsdale, AZ","04","Arizona","013","Maricopa","33.503833","-112.095767"
"05/21/2016","AQS","040139997","1","0.053","ppm","49","JLG SUPERSITE","17","100.0000","44201","Ozone","38060","Phoenix-Mesa-Scottsdale, AZ","04","Arizona","013","Maricopa","33.503833","-112.095767"
"05/22/2016","AQS","040139997","1","0.051","ppm","47","JLG SUPERSITE","17","100.0000","44201","Ozone","38060","Phoenix-Mesa-Scottsdale, AZ","04","Arizona","013","Maricopa","33.503833","-112.095767"
"05/23/2016","AQS","040139997","1","0.066","ppm","87","JLG SUPERSITE","17","100.0000","44201","Ozone","38060","Phoenix-Mesa-Scottsdale, AZ","04","Arizona","013","Maricopa","33.503833","-112.095767"
"05/24/2016","AQS","040139997","1","0.054","ppm","50","JLG SUPERSITE","17","100.0000","44201","Ozone","38060","Phoenix-Mesa-Scottsdale, AZ","04","Arizona","013","Maricopa","33.503833","-112.095767"
"05/25/2016","AQS","040139997","1","0.058","ppm","61","JLG SUPERSITE","17","100.0000","44201","Ozone","38060","Phoenix-Mesa-Scottsdale, AZ","04","Arizona","013","Maricopa","33.503833","-112.095767"
"05/26/2016","AQS","040139997","1","0.059","ppm","64","JLG SUPERSITE","17","100.0000","44201","Ozone","38060","Phoenix-Mesa-Scottsdale, AZ","04","Arizona","013","Maricopa","33.503833","-112.095767"
"05/27/2016","AQS","040139997","1","0.067","ppm","90","JLG SUPERSITE","17","100.0000","44201","Ozone","38060","Phoenix-Mesa-Scottsdale, AZ","04","Arizona","013","Maricopa","33.503833","-112.095767"
"05/28/2016","AQS","040139997","1","0.073","ppm","108","JLG SUPERSITE","17","100.0000","44201","Ozone","38060","Phoenix-Mesa-Scottsdale, AZ","04","Arizona","013","Maricopa","33.503833","-112.095767"
"05/29/2016","AQS","040139997","1","0.061","ppm","71","JLG SUPERSITE","17","100.0000","44201","Ozone","38060","Phoenix-Mesa-Scottsdale, AZ","04","Arizona","013","Maricopa","33.503833","-112.095767"
"05/30/2016","AQS","040139997","1","0.067","ppm","90","JLG SUPERSITE","17","100.0000","44201","Ozone","38060","Phoenix-Mesa-Scottsdale, AZ","04","Arizona","013","Maricopa","33.503833","-112.095767"
"05/31/2016","AQS","040139997","1","0.062","ppm","74","JLG SUPERSITE","17","100.0000","44201","Ozone","38060","Phoenix-Mesa-Scottsdale, AZ","04","Arizona","013","Maricopa","33.503833","-112.095767"
"06/01/2016","AQS","040139997","1","0.059","ppm","64","JLG SUPERSITE","17","100.0000","44201","Ozone","38060","Phoenix-Mesa-Scottsdale, AZ","04","Arizona","013","Maricopa","33.503833","-112.095767"
"06/02/2016","AQS","040139997","1","0.064","ppm","80","JLG SUPERSITE","17","100.0000","44201","Ozone","38060","Phoenix-Mesa-Scottsdale, AZ","04","Arizona","013","Maricopa","33.503833","-112.095767"
"06/03/2016","AQS","040139997","1","0.063","ppm","77","JLG SUPERSITE","17","100.0000","44201","Ozone","38060","Phoenix-Mesa-Scottsdale, AZ","04","Arizona","013","Maricopa","33.503833","-112.095767"
"06/04/2016","AQS","040139997","1","0.068","ppm","93","JLG SUPERSITE","17","100.0000","44201","Ozone","38060","Phoenix-Mesa-Scottsdale, AZ","04","Arizona","013","Maricopa","33.503833","-112.095767"
"06/05/2016","AQS","040139997","1","0.071","ppm","101","JLG SUPERSITE","17","100.0000","44201","Ozone","38060","Phoenix-Mesa-Scottsdale, AZ","04","Arizona","013","Maricopa","33.503833","-112.095767"
"06/06/2016","AQS","040139997","1","0.067","ppm","90","JLG SUPERSITE","17","100.0000","44201","Ozone","38060","Phoenix-Mesa-Scottsdale, AZ","04","Arizona","013","Maricopa","33.503833","-112.095767"
"06/07/2016","AQS","040139997","1","0.065","ppm","84","JLG SUPERSITE","17","100.0000","44201","Ozone","38060","Phoenix-Mesa-Scottsdale, AZ","04","Arizona","013","Maricopa","33.503833","-112.095767"
"06/08/2016","AQS","040139997","1","0.062","ppm","74","JLG SUPERSITE","17","100.0000","44201","Ozone","38060","Phoenix-Mesa-Scottsdale, AZ","04","Arizona","013","Maricopa","33.503833","-112.095767"
"06/09/2016","AQS","040139997","1","0.053","ppm","49","JLG SUPERSITE","17","100.0000","44201","Ozone","38060","Phoenix-Mesa-Scottsdale, AZ","04","Arizona","013","Maricopa","33.503833","-112.095767"
"06/10/2016","AQS","040139997","1","0.044","ppm","41","JLG SUPERSITE","17","100.0000","44201","Ozone","38060","Phoenix-Mesa-Scottsdale, AZ","04","Arizona","013","Maricopa","33.503833","-112.095767"
"06/11/2016","AQS","040139997","1","0.056","ppm","54","JLG SUPERSITE","17","100.0000","44201","Ozone","38060","Phoenix-Mesa-Scottsdale, AZ","04","Arizona","013","Maricopa","33.503833","-112.095767"
"06/12/2016","AQS","040139997","1","0.047","ppm","44","JLG SUPERSITE","17","100.0000","44201","Ozone","38060","Phoenix-Mesa-Scottsdale, AZ","04","Arizona","013","Maricopa","33.503833","-112.095767"
"06/13/2016","AQS","040139997","1","0.046","ppm","43","JLG SUPERSITE","17","100.0000","44201","Ozone","38060","Phoenix-Mesa-Scottsdale, AZ","04","Arizona","013","Maricopa","33.503833","-112.095767"
"06/14/2016","AQS","040139997","1","0.059","ppm","64","JLG SUPERSITE","17","100.0000","44201","Ozone","38060","Phoenix-Mesa-Scottsdale, AZ","04","Arizona","013","Maricopa","33.503833","-112.095767"
"06/15/2016","AQS","040139997","1","0.059","ppm","64","JLG SUPERSITE","17","100.0000","44201","Ozone","38060","Phoenix-Mesa-Scottsdale, AZ","04","Arizona","013","Maricopa","33.503833","-112.095767"
"06/16/2016","AQS","040139997","1","0.059","ppm","64","JLG SUPERSITE","17","100.0000","44201","Ozone","38060","Phoenix-Mesa-Scottsdale, AZ","04","Arizona","013","Maricopa","33.503833","-112.095767"
"06/17/2016","AQS","040139997","1","0.064","ppm","80","JLG SUPERSITE","17","100.0000","44201","Ozone","38060","Phoenix-Mesa-Scottsdale, AZ","04","Arizona","013","Maricopa","33.503833","-112.095767"
"06/18/2016","AQS","040139997","1","0.057","ppm","58","JLG SUPERSITE","17","100.0000","44201","Ozone","38060","Phoenix-Mesa-Scottsdale, AZ","04","Arizona","013","Maricopa","33.503833","-112.095767"
"06/19/2016","AQS","040139997","1","0.072","ppm","105","JLG SUPERSITE","17","100.0000","44201","Ozone","38060","Phoenix-Mesa-Scottsdale, AZ","04","Arizona","013","Maricopa","33.503833","-112.095767"
"06/20/2016","AQS","040139997","1","0.057","ppm","58","JLG SUPERSITE","17","100.0000","44201","Ozone","38060","Phoenix-Mesa-Scottsdale, AZ","04","Arizona","013","Maricopa","33.503833","-112.095767"
"06/21/2016","AQS","040139997","1","0.05","ppm","46","JLG SUPERSITE","17","100.0000","44201","Ozone","38060","Phoenix-Mesa-Scottsdale, AZ","04","Arizona","013","Maricopa","33.503833","-112.095767"
"06/22/2016","AQS","040139997","1","0.051","ppm","47","JLG SUPERSITE","17","100.0000","44201","Ozone","38060","Phoenix-Mesa-Scottsdale, AZ","04","Arizona","013","Maricopa","33.503833","-112.095767"
"06/23/2016","AQS","040139997","1","0.052","ppm","48","JLG SUPERSITE","17","100.0000","44201","Ozone","38060","Phoenix-Mesa-Scottsdale, AZ","04","Arizona","013","Maricopa","33.503833","-112.095767"
"06/24/2016","AQS","040139997","1","0.053","ppm","49","JLG SUPERSITE","17","100.0000","44201","Ozone","38060","Phoenix-Mesa-Scottsdale, AZ","04","Arizona","013","Maricopa","33.503833","-112.095767"
"06/25/2016","AQS","040139997","1","0.062","ppm","74","JLG SUPERSITE","17","100.0000","44201","Ozone","38060","Phoenix-Mesa-Scottsdale, AZ","04","Arizona","013","Maricopa","33.503833","-112.095767"
"06/26/2016","AQS","040139997","1","0.049","ppm","45","JLG SUPERSITE","17","100.0000","44201","Ozone","38060","Phoenix-Mesa-Scottsdale, AZ","04","Arizona","013","Maricopa","33.503833","-112.095767"
"06/27/2016","AQS","040139997","1","0.073","ppm","108","JLG SUPERSITE","17","100.0000","44201","Ozone","38060","Phoenix-Mesa-Scottsdale, AZ","04","Arizona","013","Maricopa","33.503833","-112.095767"
"06/28/2016","AQS","040139997","1","0.074","ppm","112","JLG SUPERSITE","17","100.0000","44201","Ozone","38060","Phoenix-Mesa-Scottsdale, AZ","04","Arizona","013","Maricopa","33.503833","-112.095767"
"06/29/2016","AQS","040139997","1","0.066","ppm","87","JLG SUPERSITE","17","100.0000","44201","Ozone","38060","Phoenix-Mesa-Scottsdale, AZ","04","Arizona","013","Maricopa","33.503833","-112.095767"
"06/30/2016","AQS","040139997","1","0.056","ppm","54","JLG SUPERSITE","17","100.0000","44201","Ozone","38060","Phoenix-Mesa-Scottsdale, AZ","04","Arizona","013","Maricopa","33.503833","-112.095767"
"07/01/2016","AQS","040139997","1","0.055","ppm","51","JLG SUPERSITE","17","100.0000","44201","Ozone","38060","Phoenix-Mesa-Scottsdale, AZ","04","Arizona","013","Maricopa","33.503833","-112.095767"
"07/02/2016","AQS","040139997","1","0.053","ppm","49","JLG SUPERSITE","17","100.0000","44201","Ozone","38060","Phoenix-Mesa-Scottsdale, AZ","04","Arizona","013","Maricopa","33.503833","-112.095767"
"07/03/2016","AQS","040139997","1","0.047","ppm","44","JLG SUPERSITE","17","100.0000","44201","Ozone","38060","Phoenix-Mesa-Scottsdale, AZ","04","Arizona","013","Maricopa","33.503833","-112.095767"
"07/04/2016","AQS","040139997","1","0.045","ppm","42","JLG SUPERSITE","17","100.0000","44201","Ozone","38060","Phoenix-Mesa-Scottsdale, AZ","04","Arizona","013","Maricopa","33.503833","-112.095767"
"07/05/2016","AQS","040139997","1","0.053","ppm","49","JLG SUPERSITE","17","100.0000","44201","Ozone","38060","Phoenix-Mesa-Scottsdale, AZ","04","Arizona","013","Maricopa","33.503833","-112.095767"
"07/06/2016","AQS","040139997","1","0.053","ppm","49","JLG SUPERSITE","17","100.0000","44201","Ozone","38060","Phoenix-Mesa-Scottsdale, AZ","04","Arizona","013","Maricopa","33.503833","-112.095767"
"07/07/2016","AQS","040139997","1","0.051","ppm","47","JLG SUPERSITE","17","100.0000","44201","Ozone","38060","Phoenix-Mesa-Scottsdale, AZ","04","Arizona","013","Maricopa","33.503833","-112.095767"
"07/08/2016","AQS","040139997","1","0.052","ppm","48","JLG SUPERSITE","17","100.0000","44201","Ozone","38060","Phoenix-Mesa-Scottsdale, AZ","04","Arizona","013","Maricopa","33.503833","-112.095767"
"07/09/2016","AQS","040139997","1","0.05","ppm","46","JLG SUPERSITE","17","100.0000","44201","Ozone","38060","Phoenix-Mesa-Scottsdale, AZ","04","Arizona","013","Maricopa","33.503833","-112.095767"
"07/10/2016","AQS","040139997","1","0.046","ppm","43","JLG SUPERSITE","17","100.0000","44201","Ozone","38060","Phoenix-Mesa-Scottsdale, AZ","04","Arizona","013","Maricopa","33.503833","-112.095767"
"07/11/2016","AQS","040139997","1","0.051","ppm","47","JLG SUPERSITE","17","100.0000","44201","Ozone","38060","Phoenix-Mesa-Scottsdale, AZ","04","Arizona","013","Maricopa","33.503833","-112.095767"
"07/12/2016","AQS","040139997","1","0.052","ppm","48","JLG SUPERSITE","17","100.0000","44201","Ozone","38060","Phoenix-Mesa-Scottsdale, AZ","04","Arizona","013","Maricopa","33.503833","-112.095767"
"07/13/2016","AQS","040139997","1","0.062","ppm","74","JLG SUPERSITE","17","100.0000","44201","Ozone","38060","Phoenix-Mesa-Scottsdale, AZ","04","Arizona","013","Maricopa","33.503833","-112.095767"
"07/14/2016","AQS","040139997","1","0.05","ppm","46","JLG SUPERSITE","17","100.0000","44201","Ozone","38060","Phoenix-Mesa-Scottsdale, AZ","04","Arizona","013","Maricopa","33.503833","-112.095767"
"07/15/2016","AQS","040139997","1","0.049","ppm","45","JLG SUPERSITE","17","100.0000","44201","Ozone","38060","Phoenix-Mesa-Scottsdale, AZ","04","Arizona","013","Maricopa","33.503833","-112.095767"
"07/16/2016","AQS","040139997","1","0.065","ppm","84","JLG SUPERSITE","17","100.0000","44201","Ozone","38060","Phoenix-Mesa-Scottsdale, AZ","04","Arizona","013","Maricopa","33.503833","-112.095767"
"07/17/2016","AQS","040139997","1","0.043","ppm","40","JLG SUPERSITE","17","100.0000","44201","Ozone","38060","Phoenix-Mesa-Scottsdale, AZ","04","Arizona","013","Maricopa","33.503833","-112.095767"
"07/18/2016","AQS","040139997","1","0.068","ppm","93","JLG SUPERSITE","17","100.0000","44201","Ozone","38060","Phoenix-Mesa-Scottsdale, AZ","04","Arizona","013","Maricopa","33.503833","-112.095767"
"07/19/2016","AQS","040139997","1","0.064","ppm","80","JLG SUPERSITE","17","100.0000","44201","Ozone","38060","Phoenix-Mesa-Scottsdale, AZ","04","Arizona","013","Maricopa","33.503833","-112.095767"
"07/20/2016","AQS","040139997","1","0.076","ppm","119","JLG SUPERSITE","17","100.0000","44201","Ozone","38060","Phoenix-Mesa-Scottsdale, AZ","04","Arizona","013","Maricopa","33.503833","-112.095767"
"07/21/2016","AQS","040139997","1","0.072","ppm","105","JLG SUPERSITE","17","100.0000","44201","Ozone","38060","Phoenix-Mesa-Scottsdale, AZ","04","Arizona","013","Maricopa","33.503833","-112.095767"
"07/22/2016","AQS","040139997","1","0.075","ppm","115","JLG SUPERSITE","17","100.0000","44201","Ozone","38060","Phoenix-Mesa-Scottsdale, AZ","04","Arizona","013","Maricopa","33.503833","-112.095767"
"07/23/2016","AQS","040139997","1","0.051","ppm","47","JLG SUPERSITE","17","100.0000","44201","Ozone","38060","Phoenix-Mesa-Scottsdale, AZ","04","Arizona","013","Maricopa","33.503833","-112.095767"
"07/24/2016","AQS","040139997","1","0.05","ppm","46","JLG SUPERSITE","17","100.0000","44201","Ozone","38060","Phoenix-Mesa-Scottsdale, AZ","04","Arizona","013","Maricopa","33.503833","-112.095767"
"07/25/2016","AQS","040139997","1","0.061","ppm","71","JLG SUPERSITE","17","100.0000","44201","Ozone","38060","Phoenix-Mesa-Scottsdale, AZ","04","Arizona","013","Maricopa","33.503833","-112.095767"
"07/26/2016","AQS","040139997","1","0.061","ppm","71","JLG SUPERSITE","17","100.0000","44201","Ozone","38060","Phoenix-Mesa-Scottsdale, AZ","04","Arizona","013","Maricopa","33.503833","-112.095767"
"07/27/2016","AQS","040139997","1","0.054","ppm","50","JLG SUPERSITE","17","100.0000","44201","Ozone","38060","Phoenix-Mesa-Scottsdale, AZ","04","Arizona","013","Maricopa","33.503833","-112.095767"
"07/28/2016","AQS","040139997","1","0.076","ppm","119","JLG SUPERSITE","17","100.0000","44201","Ozone","38060","Phoenix-Mesa-Scottsdale, AZ","04","Arizona","013","Maricopa","33.503833","-112.095767"
"07/29/2016","AQS","040139997","1","0.055","ppm","51","JLG SUPERSITE","17","100.0000","44201","Ozone","38060","Phoenix-Mesa-Scottsdale, AZ","04","Arizona","013","Maricopa","33.503833","-112.095767"
"07/30/2016","AQS","040139997","1","0.069","ppm","97","JLG SUPERSITE","17","100.0000","44201","Ozone","38060","Phoenix-Mesa-Scottsdale, AZ","04","Arizona","013","Maricopa","33.503833","-112.095767"
"07/31/2016","AQS","040139997","1","0.055","ppm","51","JLG SUPERSITE","17","100.0000","44201","Ozone","38060","Phoenix-Mesa-Scottsdale, AZ","04","Arizona","013","Maricopa","33.503833","-112.095767"
"08/01/2016","AQS","040139997","1","0.06","ppm","67","JLG SUPERSITE","17","100.0000","44201","Ozone","38060","Phoenix-Mesa-Scottsdale, AZ","04","Arizona","013","Maricopa","33.503833","-112.095767"
"08/02/2016","AQS","040139997","1","0.052","ppm","48","JLG SUPERSITE","17","100.0000","44201","Ozone","38060","Phoenix-Mesa-Scottsdale, AZ","04","Arizona","013","Maricopa","33.503833","-112.095767"
"08/03/2016","AQS","040139997","1","0.053","ppm","49","JLG SUPERSITE","17","100.0000","44201","Ozone","38060","Phoenix-Mesa-Scottsdale, AZ","04","Arizona","013","Maricopa","33.503833","-112.095767"
"08/04/2016","AQS","040139997","1","0.048","ppm","44","JLG SUPERSITE","17","100.0000","44201","Ozone","38060","Phoenix-Mesa-Scottsdale, AZ","04","Arizona","013","Maricopa","33.503833","-112.095767"
"08/05/2016","AQS","040139997","1","0.05","ppm","46","JLG SUPERSITE","17","100.0000","44201","Ozone","38060","Phoenix-Mesa-Scottsdale, AZ","04","Arizona","013","Maricopa","33.503833","-112.095767"
"08/06/2016","AQS","040139997","1","0.061","ppm","71","JLG SUPERSITE","17","100.0000","44201","Ozone","38060","Phoenix-Mesa-Scottsdale, AZ","04","Arizona","013","Maricopa","33.503833","-112.095767"
"08/07/2016","AQS","040139997","1","0.063","ppm","77","JLG SUPERSITE","17","100.0000","44201","Ozone","38060","Phoenix-Mesa-Scottsdale, AZ","04","Arizona","013","Maricopa","33.503833","-112.095767"
"08/08/2016","AQS","040139997","1","0.06","ppm","67","JLG SUPERSITE","17","100.0000","44201","Ozone","38060","Phoenix-Mesa-Scottsdale, AZ","04","Arizona","013","Maricopa","33.503833","-112.095767"
"08/09/2016","AQS","040139997","1","0.053","ppm","49","JLG SUPERSITE","17","100.0000","44201","Ozone","38060","Phoenix-Mesa-Scottsdale, AZ","04","Arizona","013","Maricopa","33.503833","-112.095767"
"08/10/2016","AQS","040139997","1","0.049","ppm","45","JLG SUPERSITE","17","100.0000","44201","Ozone","38060","Phoenix-Mesa-Scottsdale, AZ","04","Arizona","013","Maricopa","33.503833","-112.095767"
"08/11/2016","AQS","040139997","1","0.051","ppm","47","JLG SUPERSITE","17","100.0000","44201","Ozone","38060","Phoenix-Mesa-Scottsdale, AZ","04","Arizona","013","Maricopa","33.503833","-112.095767"
"08/12/2016","AQS","040139997","1","0.043","ppm","40","JLG SUPERSITE","17","100.0000","44201","Ozone","38060","Phoenix-Mesa-Scottsdale, AZ","04","Arizona","013","Maricopa","33.503833","-112.095767"
"08/13/2016","AQS","040139997","1","0.074","ppm","112","JLG SUPERSITE","17","100.0000","44201","Ozone","38060","Phoenix-Mesa-Scottsdale, AZ","04","Arizona","013","Maricopa","33.503833","-112.095767"
"08/14/2016","AQS","040139997","1","0.063","ppm","77","JLG SUPERSITE","17","100.0000","44201","Ozone","38060","Phoenix-Mesa-Scottsdale, AZ","04","Arizona","013","Maricopa","33.503833","-112.095767"
"08/15/2016","AQS","040139997","1","0.068","ppm","93","JLG SUPERSITE","17","100.0000","44201","Ozone","38060","Phoenix-Mesa-Scottsdale, AZ","04","Arizona","013","Maricopa","33.503833","-112.095767"
"08/16/2016","AQS","040139997","1","0.075","ppm","115","JLG SUPERSITE","17","100.0000","44201","Ozone","38060","Phoenix-Mesa-Scottsdale, AZ","04","Arizona","013","Maricopa","33.503833","-112.095767"
"08/17/2016","AQS","040139997","1","0.064","ppm","80","JLG SUPERSITE","17","100.0000","44201","Ozone","38060","Phoenix-Mesa-Scottsdale, AZ","04","Arizona","013","Maricopa","33.503833","-112.095767"
"08/18/2016","AQS","040139997","1","0.072","ppm","105","JLG SUPERSITE","17","100.0000","44201","Ozone","38060","Phoenix-Mesa-Scottsdale, AZ","04","Arizona","013","Maricopa","33.503833","-112.095767"
"08/19/2016","AQS","040139997","1","0.063","ppm","77","JLG SUPERSITE","17","100.0000","44201","Ozone","38060","Phoenix-Mesa-Scottsdale, AZ","04","Arizona","013","Maricopa","33.503833","-112.095767"
"08/20/2016","AQS","040139997","1","0.05","ppm","46","JLG SUPERSITE","17","100.0000","44201","Ozone","38060","Phoenix-Mesa-Scottsdale, AZ","04","Arizona","013","Maricopa","33.503833","-112.095767"
"08/21/2016","AQS","040139997","1","0.068","ppm","93","JLG SUPERSITE","17","100.0000","44201","Ozone","38060","Phoenix-Mesa-Scottsdale, AZ","04","Arizona","013","Maricopa","33.503833","-112.095767"
"08/22/2016","AQS","040139997","1","0.05","ppm","46","JLG SUPERSITE","17","100.0000","44201","Ozone","38060","Phoenix-Mesa-Scottsdale, AZ","04","Arizona","013","Maricopa","33.503833","-112.095767"
"08/23/2016","AQS","040139997","1","0.057","ppm","58","JLG SUPERSITE","17","100.0000","44201","Ozone","38060","Phoenix-Mesa-Scottsdale, AZ","04","Arizona","013","Maricopa","33.503833","-112.095767"
"08/24/2016","AQS","040139997","1","0.061","ppm","71","JLG SUPERSITE","17","100.0000","44201","Ozone","38060","Phoenix-Mesa-Scottsdale, AZ","04","Arizona","013","Maricopa","33.503833","-112.095767"
"08/25/2016","AQS","040139997","1","0.054","ppm","50","JLG SUPERSITE","17","100.0000","44201","Ozone","38060","Phoenix-Mesa-Scottsdale, AZ","04","Arizona","013","Maricopa","33.503833","-112.095767"
"08/26/2016","AQS","040139997","1","0.056","ppm","54","JLG SUPERSITE","17","100.0000","44201","Ozone","38060","Phoenix-Mesa-Scottsdale, AZ","04","Arizona","013","Maricopa","33.503833","-112.095767"
"08/27/2016","AQS","040139997","1","0.05","ppm","46","JLG SUPERSITE","17","100.0000","44201","Ozone","38060","Phoenix-Mesa-Scottsdale, AZ","04","Arizona","013","Maricopa","33.503833","-112.095767"
"08/28/2016","AQS","040139997","1","0.057","ppm","58","JLG SUPERSITE","17","100.0000","44201","Ozone","38060","Phoenix-Mesa-Scottsdale, AZ","04","Arizona","013","Maricopa","33.503833","-112.095767"
"08/29/2016","AQS","040139997","1","0.056","ppm","54","JLG SUPERSITE","17","100.0000","44201","Ozone","38060","Phoenix-Mesa-Scottsdale, AZ","04","Arizona","013","Maricopa","33.503833","-112.095767"
"08/30/2016","AQS","040139997","1","0.062","ppm","74","JLG SUPERSITE","17","100.0000","44201","Ozone","38060","Phoenix-Mesa-Scottsdale, AZ","04","Arizona","013","Maricopa","33.503833","-112.095767"
"08/31/2016","AQS","040139997","1","0.063","ppm","77","JLG SUPERSITE","17","100.0000","44201","Ozone","38060","Phoenix-Mesa-Scottsdale, AZ","04","Arizona","013","Maricopa","33.503833","-112.095767"
"09/01/2016","AQS","040139997","1","0.056","ppm","54","JLG SUPERSITE","17","100.0000","44201","Ozone","38060","Phoenix-Mesa-Scottsdale, AZ","04","Arizona","013","Maricopa","33.503833","-112.095767"
"09/02/2016","AQS","040139997","1","0.062","ppm","74","JLG SUPERSITE","17","100.0000","44201","Ozone","38060","Phoenix-Mesa-Scottsdale, AZ","04","Arizona","013","Maricopa","33.503833","-112.095767"
"09/03/2016","AQS","040139997","1","0.041","ppm","38","JLG SUPERSITE","17","100.0000","44201","Ozone","38060","Phoenix-Mesa-Scottsdale, AZ","04","Arizona","013","Maricopa","33.503833","-112.095767"
"09/04/2016","AQS","040139997","1","0.042","ppm","39","JLG SUPERSITE","17","100.0000","44201","Ozone","38060","Phoenix-Mesa-Scottsdale, AZ","04","Arizona","013","Maricopa","33.503833","-112.095767"
"09/05/2016","AQS","040139997","1","0.048","ppm","44","JLG SUPERSITE","17","100.0000","44201","Ozone","38060","Phoenix-Mesa-Scottsdale, AZ","04","Arizona","013","Maricopa","33.503833","-112.095767"
"09/06/2016","AQS","040139997","1","0.039","ppm","36","JLG SUPERSITE","17","100.0000","44201","Ozone","38060","Phoenix-Mesa-Scottsdale, AZ","04","Arizona","013","Maricopa","33.503833","-112.095767"
"09/07/2016","AQS","040139997","1","0.034","ppm","31","JLG SUPERSITE","17","100.0000","44201","Ozone","38060","Phoenix-Mesa-Scottsdale, AZ","04","Arizona","013","Maricopa","33.503833","-112.095767"
"09/08/2016","AQS","040139997","1","0.05","ppm","46","JLG SUPERSITE","17","100.0000","44201","Ozone","38060","Phoenix-Mesa-Scottsdale, AZ","04","Arizona","013","Maricopa","33.503833","-112.095767"
"09/09/2016","AQS","040139997","1","0.052","ppm","48","JLG SUPERSITE","17","100.0000","44201","Ozone","38060","Phoenix-Mesa-Scottsdale, AZ","04","Arizona","013","Maricopa","33.503833","-112.095767"
"09/10/2016","AQS","040139997","1","0.056","ppm","54","JLG SUPERSITE","17","100.0000","44201","Ozone","38060","Phoenix-Mesa-Scottsdale, AZ","04","Arizona","013","Maricopa","33.503833","-112.095767"
"09/11/2016","AQS","040139997","1","0.054","ppm","50","JLG SUPERSITE","17","100.0000","44201","Ozone","38060","Phoenix-Mesa-Scottsdale, AZ","04","Arizona","013","Maricopa","33.503833","-112.095767"
"09/12/2016","AQS","040139997","1","0.047","ppm","44","JLG SUPERSITE","17","100.0000","44201","Ozone","38060","Phoenix-Mesa-Scottsdale, AZ","04","Arizona","013","Maricopa","33.503833","-112.095767"
"09/13/2016","AQS","040139997","1","0.031","ppm","29","JLG SUPERSITE","17","100.0000","44201","Ozone","38060","Phoenix-Mesa-Scottsdale, AZ","04","Arizona","013","Maricopa","33.503833","-112.095767"
"09/14/2016","AQS","040139997","1","0.036","ppm","33","JLG SUPERSITE","17","100.0000","44201","Ozone","38060","Phoenix-Mesa-Scottsdale, AZ","04","Arizona","013","Maricopa","33.503833","-112.095767"
"09/15/2016","AQS","040139997","1","0.046","ppm","43","JLG SUPERSITE","17","100.0000","44201","Ozone","38060","Phoenix-Mesa-Scottsdale, AZ","04","Arizona","013","Maricopa","33.503833","-112.095767"
"09/16/2016","AQS","040139997","1","0.05","ppm","46","JLG SUPERSITE","17","100.0000","44201","Ozone","38060","Phoenix-Mesa-Scottsdale, AZ","04","Arizona","013","Maricopa","33.503833","-112.095767"
"09/17/2016","AQS","040139997","1","0.053","ppm","49","JLG SUPERSITE","17","100.0000","44201","Ozone","38060","Phoenix-Mesa-Scottsdale, AZ","04","Arizona","013","Maricopa","33.503833","-112.095767"
"09/18/2016","AQS","040139997","1","0.055","ppm","51","JLG SUPERSITE","17","100.0000","44201","Ozone","38060","Phoenix-Mesa-Scottsdale, AZ","04","Arizona","013","Maricopa","33.503833","-112.095767"
"09/19/2016","AQS","040139997","1","0.036","ppm","33","JLG SUPERSITE","17","100.0000","44201","Ozone","38060","Phoenix-Mesa-Scottsdale, AZ","04","Arizona","013","Maricopa","33.503833","-112.095767"
"09/20/2016","AQS","040139997","1","0.031","ppm","29","JLG SUPERSITE","17","100.0000","44201","Ozone","38060","Phoenix-Mesa-Scottsdale, AZ","04","Arizona","013","Maricopa","33.503833","-112.095767"
"09/21/2016","AQS","040139997","1","0.051","ppm","47","JLG SUPERSITE","17","100.0000","44201","Ozone","38060","Phoenix-Mesa-Scottsdale, AZ","04","Arizona","013","Maricopa","33.503833","-112.095767"
"09/22/2016","AQS","040139997","1","0.024","ppm","22","JLG SUPERSITE","17","100.0000","44201","Ozone","38060","Phoenix-Mesa-Scottsdale, AZ","04","Arizona","013","Maricopa","33.503833","-112.095767"
"09/23/2016","AQS","040139997","1","0.046","ppm","43","JLG SUPERSITE","17","100.0000","44201","Ozone","38060","Phoenix-Mesa-Scottsdale, AZ","04","Arizona","013","Maricopa","33.503833","-112.095767"
"09/24/2016","AQS","040139997","1","0.05","ppm","46","JLG SUPERSITE","17","100.0000","44201","Ozone","38060","Phoenix-Mesa-Scottsdale, AZ","04","Arizona","013","Maricopa","33.503833","-112.095767"
"09/25/2016","AQS","040139997","1","0.045","ppm","42","JLG SUPERSITE","17","100.0000","44201","Ozone","38060","Phoenix-Mesa-Scottsdale, AZ","04","Arizona","013","Maricopa","33.503833","-112.095767"
"09/26/2016","AQS","040139997","1","0.04","ppm","37","JLG SUPERSITE","17","100.0000","44201","Ozone","38060","Phoenix-Mesa-Scottsdale, AZ","04","Arizona","013","Maricopa","33.503833","-112.095767"
"09/27/2016","AQS","040139997","1","0.047","ppm","44","JLG SUPERSITE","17","100.0000","44201","Ozone","38060","Phoenix-Mesa-Scottsdale, AZ","04","Arizona","013","Maricopa","33.503833","-112.095767"
"09/28/2016","AQS","040139997","1","0.041","ppm","38","JLG SUPERSITE","17","100.0000","44201","Ozone","38060","Phoenix-Mesa-Scottsdale, AZ","04","Arizona","013","Maricopa","33.503833","-112.095767"
"09/29/2016","AQS","040139997","1","0.038","ppm","35","JLG SUPERSITE","17","100.0000","44201","Ozone","38060","Phoenix-Mesa-Scottsdale, AZ","04","Arizona","013","Maricopa","33.503833","-112.095767"
"09/30/2016","AQS","040139997","1","0.046","ppm","43","JLG SUPERSITE","17","100.0000","44201","Ozone","38060","Phoenix-Mesa-Scottsdale, AZ","04","Arizona","013","Maricopa","33.503833","-112.095767"
"10/01/2016","AQS","040139997","1","0.043","ppm","40","JLG SUPERSITE","17","100.0000","44201","Ozone","38060","Phoenix-Mesa-Scottsdale, AZ","04","Arizona","013","Maricopa","33.503833","-112.095767"
"10/02/2016","AQS","040139997","1","0.03","ppm","28","JLG SUPERSITE","17","100.0000","44201","Ozone","38060","Phoenix-Mesa-Scottsdale, AZ","04","Arizona","013","Maricopa","33.503833","-112.095767"
"10/03/2016","AQS","040139997","1","0.052","ppm","48","JLG SUPERSITE","17","100.0000","44201","Ozone","38060","Phoenix-Mesa-Scottsdale, AZ","04","Arizona","013","Maricopa","33.503833","-112.095767"
"10/04/2016","AQS","040139997","1","0.047","ppm","44","JLG SUPERSITE","17","100.0000","44201","Ozone","38060","Phoenix-Mesa-Scottsdale, AZ","04","Arizona","013","Maricopa","33.503833","-112.095767"
"10/05/2016","AQS","040139997","1","0.047","ppm","44","JLG SUPERSITE","17","100.0000","44201","Ozone","38060","Phoenix-Mesa-Scottsdale, AZ","04","Arizona","013","Maricopa","33.503833","-112.095767"
"10/06/2016","AQS","040139997","1","0.052","ppm","48","JLG SUPERSITE","17","100.0000","44201","Ozone","38060","Phoenix-Mesa-Scottsdale, AZ","04","Arizona","013","Maricopa","33.503833","-112.095767"
"10/07/2016","AQS","040139997","1","0.049","ppm","45","JLG SUPERSITE","17","100.0000","44201","Ozone","38060","Phoenix-Mesa-Scottsdale, AZ","04","Arizona","013","Maricopa","33.503833","-112.095767"
"10/08/2016","AQS","040139997","1","0.047","ppm","44","JLG SUPERSITE","17","100.0000","44201","Ozone","38060","Phoenix-Mesa-Scottsdale, AZ","04","Arizona","013","Maricopa","33.503833","-112.095767"
"10/09/2016","AQS","040139997","1","0.049","ppm","45","JLG SUPERSITE","17","100.0000","44201","Ozone","38060","Phoenix-Mesa-Scottsdale, AZ","04","Arizona","013","Maricopa","33.503833","-112.095767"
"10/10/2016","AQS","040139997","1","0.042","ppm","39","JLG SUPERSITE","17","100.0000","44201","Ozone","38060","Phoenix-Mesa-Scottsdale, AZ","04","Arizona","013","Maricopa","33.503833","-112.095767"
"10/11/2016","AQS","040139997","1","0.035","ppm","32","JLG SUPERSITE","17","100.0000","44201","Ozone","38060","Phoenix-Mesa-Scottsdale, AZ","04","Arizona","013","Maricopa","33.503833","-112.095767"
"10/12/2016","AQS","040139997","1","0.032","ppm","30","JLG SUPERSITE","17","100.0000","44201","Ozone","38060","Phoenix-Mesa-Scottsdale, AZ","04","Arizona","013","Maricopa","33.503833","-112.095767"
"10/13/2016","AQS","040139997","1","0.039","ppm","36","JLG SUPERSITE","17","100.0000","44201","Ozone","38060","Phoenix-Mesa-Scottsdale, AZ","04","Arizona","013","Maricopa","33.503833","-112.095767"
"10/14/2016","AQS","040139997","1","0.044","ppm","41","JLG SUPERSITE","17","100.0000","44201","Ozone","38060","Phoenix-Mesa-Scottsdale, AZ","04","Arizona","013","Maricopa","33.503833","-112.095767"
"10/15/2016","AQS","040139997","1","0.045","ppm","42","JLG SUPERSITE","17","100.0000","44201","Ozone","38060","Phoenix-Mesa-Scottsdale, AZ","04","Arizona","013","Maricopa","33.503833","-112.095767"
"10/16/2016","AQS","040139997","1","0.04","ppm","37","JLG SUPERSITE","17","100.0000","44201","Ozone","38060","Phoenix-Mesa-Scottsdale, AZ","04","Arizona","013","Maricopa","33.503833","-112.095767"
"10/17/2016","AQS","040139997","1","0.038","ppm","35","JLG SUPERSITE","17","100.0000","44201","Ozone","38060","Phoenix-Mesa-Scottsdale, AZ","04","Arizona","013","Maricopa","33.503833","-112.095767"
"10/18/2016","AQS","040139997","1","0.041","ppm","38","JLG SUPERSITE","17","100.0000","44201","Ozone","38060","Phoenix-Mesa-Scottsdale, AZ","04","Arizona","013","Maricopa","33.503833","-112.095767"
"10/19/2016","AQS","040139997","1","0.056","ppm","54","JLG SUPERSITE","17","100.0000","44201","Ozone","38060","Phoenix-Mesa-Scottsdale, AZ","04","Arizona","013","Maricopa","33.503833","-112.095767"
"10/20/2016","AQS","040139997","1","0.046","ppm","43","JLG SUPERSITE","17","100.0000","44201","Ozone","38060","Phoenix-Mesa-Scottsdale, AZ","04","Arizona","013","Maricopa","33.503833","-112.095767"
"10/21/2016","AQS","040139997","1","0.057","ppm","58","JLG SUPERSITE","17","100.0000","44201","Ozone","38060","Phoenix-Mesa-Scottsdale, AZ","04","Arizona","013","Maricopa","33.503833","-112.095767"
"10/22/2016","AQS","040139997","1","0.054","ppm","50","JLG SUPERSITE","17","100.0000","44201","Ozone","38060","Phoenix-Mesa-Scottsdale, AZ","04","Arizona","013","Maricopa","33.503833","-112.095767"
"10/23/2016","AQS","040139997","1","0.049","ppm","45","JLG SUPERSITE","17","100.0000","44201","Ozone","38060","Phoenix-Mesa-Scottsdale, AZ","04","Arizona","013","Maricopa","33.503833","-112.095767"
"10/24/2016","AQS","040139997","1","0.032","ppm","30","JLG SUPERSITE","17","100.0000","44201","Ozone","38060","Phoenix-Mesa-Scottsdale, AZ","04","Arizona","013","Maricopa","33.503833","-112.095767"
"10/25/2016","AQS","040139997","1","0.043","ppm","40","JLG SUPERSITE","17","100.0000","44201","Ozone","38060","Phoenix-Mesa-Scottsdale, AZ","04","Arizona","013","Maricopa","33.503833","-112.095767"
"10/26/2016","AQS","040139997","1","0.034","ppm","31","JLG SUPERSITE","17","100.0000","44201","Ozone","38060","Phoenix-Mesa-Scottsdale, AZ","04","Arizona","013","Maricopa","33.503833","-112.095767"
"10/27/2016","AQS","040139997","1","0.038","ppm","35","JLG SUPERSITE","17","100.0000","44201","Ozone","38060","Phoenix-Mesa-Scottsdale, AZ","04","Arizona","013","Maricopa","33.503833","-112.095767"
"10/28/2016","AQS","040139997","1","0.031","ppm","29","JLG SUPERSITE","17","100.0000","44201","Ozone","38060","Phoenix-Mesa-Scottsdale, AZ","04","Arizona","013","Maricopa","33.503833","-112.095767"
"10/29/2016","AQS","040139997","1","0.035","ppm","32","JLG SUPERSITE","17","100.0000","44201","Ozone","38060","Phoenix-Mesa-Scottsdale, AZ","04","Arizona","013","Maricopa","33.503833","-112.095767"
"10/30/2016","AQS","040139997","1","0.035","ppm","32","JLG SUPERSITE","17","100.0000","44201","Ozone","38060","Phoenix-Mesa-Scottsdale, AZ","04","Arizona","013","Maricopa","33.503833","-112.095767"
"10/31/2016","AQS","040139997","1","0.027","ppm","25","JLG SUPERSITE","17","100.0000","44201","Ozone","38060","Phoenix-Mesa-Scottsdale, AZ","04","Arizona","013","Maricopa","33.503833","-112.095767"
"11/01/2016","AQS","040139997","1","0.042","ppm","39","JLG SUPERSITE","17","100.0000","44201","Ozone","38060","Phoenix-Mesa-Scottsdale, AZ","04","Arizona","013","Maricopa","33.503833","-112.095767"
"11/02/2016","AQS","040139997","1","0.036","ppm","33","JLG SUPERSITE","17","100.0000","44201","Ozone","38060","Phoenix-Mesa-Scottsdale, AZ","04","Arizona","013","Maricopa","33.503833","-112.095767"
"11/03/2016","AQS","040139997","1","0.033","ppm","31","JLG SUPERSITE","17","100.0000","44201","Ozone","38060","Phoenix-Mesa-Scottsdale, AZ","04","Arizona","013","Maricopa","33.503833","-112.095767"
"11/04/2016","AQS","040139997","1","0.041","ppm","38","JLG SUPERSITE","17","100.0000","44201","Ozone","38060","Phoenix-Mesa-Scottsdale, AZ","04","Arizona","013","Maricopa","33.503833","-112.095767"
"11/05/2016","AQS","040139997","1","0.041","ppm","38","JLG SUPERSITE","17","100.0000","44201","Ozone","38060","Phoenix-Mesa-Scottsdale, AZ","04","Arizona","013","Maricopa","33.503833","-112.095767"
"11/06/2016","AQS","040139997","1","0.047","ppm","44","JLG SUPERSITE","17","100.0000","44201","Ozone","38060","Phoenix-Mesa-Scottsdale, AZ","04","Arizona","013","Maricopa","33.503833","-112.095767"
"11/07/2016","AQS","040139997","1","0.041","ppm","38","JLG SUPERSITE","17","100.0000","44201","Ozone","38060","Phoenix-Mesa-Scottsdale, AZ","04","Arizona","013","Maricopa","33.503833","-112.095767"
"11/08/2016","AQS","040139997","1","0.041","ppm","38","JLG SUPERSITE","17","100.0000","44201","Ozone","38060","Phoenix-Mesa-Scottsdale, AZ","04","Arizona","013","Maricopa","33.503833","-112.095767"
"11/09/2016","AQS","040139997","1","0.041","ppm","38","JLG SUPERSITE","17","100.0000","44201","Ozone","38060","Phoenix-Mesa-Scottsdale, AZ","04","Arizona","013","Maricopa","33.503833","-112.095767"
"11/10/2016","AQS","040139997","1","0.041","ppm","38","JLG SUPERSITE","17","100.0000","44201","Ozone","38060","Phoenix-Mesa-Scottsdale, AZ","04","Arizona","013","Maricopa","33.503833","-112.095767"
"11/11/2016","AQS","040139997","1","0.04","ppm","37","JLG SUPERSITE","17","100.0000","44201","Ozone","38060","Phoenix-Mesa-Scottsdale, AZ","04","Arizona","013","Maricopa","33.503833","-112.095767"
"11/12/2016","AQS","040139997","1","0.041","ppm","38","JLG SUPERSITE","17","100.0000","44201","Ozone","38060","Phoenix-Mesa-Scottsdale, AZ","04","Arizona","013","Maricopa","33.503833","-112.095767"
"11/13/2016","AQS","040139997","1","0.038","ppm","35","JLG SUPERSITE","17","100.0000","44201","Ozone","38060","Phoenix-Mesa-Scottsdale, AZ","04","Arizona","013","Maricopa","33.503833","-112.095767"
"11/14/2016","AQS","040139997","1","0.031","ppm","29","JLG SUPERSITE","17","100.0000","44201","Ozone","38060","Phoenix-Mesa-Scottsdale, AZ","04","Arizona","013","Maricopa","33.503833","-112.095767"
"11/15/2016","AQS","040139997","1","0.035","ppm","32","JLG SUPERSITE","17","100.0000","44201","Ozone","38060","Phoenix-Mesa-Scottsdale, AZ","04","Arizona","013","Maricopa","33.503833","-112.095767"
"11/16/2016","AQS","040139997","1","0.018","ppm","17","JLG SUPERSITE","17","100.0000","44201","Ozone","38060","Phoenix-Mesa-Scottsdale, AZ","04","Arizona","013","Maricopa","33.503833","-112.095767"
"11/17/2016","AQS","040139997","1","0.041","ppm","38","JLG SUPERSITE","17","100.0000","44201","Ozone","38060","Phoenix-Mesa-Scottsdale, AZ","04","Arizona","013","Maricopa","33.503833","-112.095767"
"11/18/2016","AQS","040139997","1","0.033","ppm","31","JLG SUPERSITE","17","100.0000","44201","Ozone","38060","Phoenix-Mesa-Scottsdale, AZ","04","Arizona","013","Maricopa","33.503833","-112.095767"
"11/19/2016","AQS","040139997","1","0.037","ppm","34","JLG SUPERSITE","17","100.0000","44201","Ozone","38060","Phoenix-Mesa-Scottsdale, AZ","04","Arizona","013","Maricopa","33.503833","-112.095767"
"11/20/2016","AQS","040139997","1","0.005","ppm","5","JLG SUPERSITE","17","100.0000","44201","Ozone","38060","Phoenix-Mesa-Scottsdale, AZ","04","Arizona","013","Maricopa","33.503833","-112.095767"
"11/21/2016","AQS","040139997","1","0.028","ppm","26","JLG SUPERSITE","17","100.0000","44201","Ozone","38060","Phoenix-Mesa-Scottsdale, AZ","04","Arizona","013","Maricopa","33.503833","-112.095767"
"11/22/2016","AQS","040139997","1","0.029","ppm","27","JLG SUPERSITE","17","100.0000","44201","Ozone","38060","Phoenix-Mesa-Scottsdale, AZ","04","Arizona","013","Maricopa","33.503833","-112.095767"
"11/23/2016","AQS","040139997","1","0.029","ppm","27","JLG SUPERSITE","17","100.0000","44201","Ozone","38060","Phoenix-Mesa-Scottsdale, AZ","04","Arizona","013","Maricopa","33.503833","-112.095767"
"11/24/2016","AQS","040139997","1","0.04","ppm","37","JLG SUPERSITE","17","100.0000","44201","Ozone","38060","Phoenix-Mesa-Scottsdale, AZ","04","Arizona","013","Maricopa","33.503833","-112.095767"
"11/25/2016","AQS","040139997","1","0.038","ppm","35","JLG SUPERSITE","17","100.0000","44201","Ozone","38060","Phoenix-Mesa-Scottsdale, AZ","04","Arizona","013","Maricopa","33.503833","-112.095767"
"11/26/2016","AQS","040139997","1","0.036","ppm","33","JLG SUPERSITE","17","100.0000","44201","Ozone","38060","Phoenix-Mesa-Scottsdale, AZ","04","Arizona","013","Maricopa","33.503833","-112.095767"
"11/27/2016","AQS","040139997","1","0.041","ppm","38","JLG SUPERSITE","17","100.0000","44201","Ozone","38060","Phoenix-Mesa-Scottsdale, AZ","04","Arizona","013","Maricopa","33.503833","-112.095767"
"11/28/2016","AQS","040139997","1","0.029","ppm","27","JLG SUPERSITE","17","100.0000","44201","Ozone","38060","Phoenix-Mesa-Scottsdale, AZ","04","Arizona","013","Maricopa","33.503833","-112.095767"
"11/29/2016","AQS","040139997","1","0.034","ppm","31","JLG SUPERSITE","17","100.0000","44201","Ozone","38060","Phoenix-Mesa-Scottsdale, AZ","04","Arizona","013","Maricopa","33.503833","-112.095767"
"12/01/2016","AQS","040139997","1","0.023","ppm","21","JLG SUPERSITE","17","100.0000","44201","Ozone","38060","Phoenix-Mesa-Scottsdale, AZ","04","Arizona","013","Maricopa","33.503833","-112.095767"
"12/02/2016","AQS","040139997","1","0.014","ppm","13","JLG SUPERSITE","17","100.0000","44201","Ozone","38060","Phoenix-Mesa-Scottsdale, AZ","04","Arizona","013","Maricopa","33.503833","-112.095767"
"12/03/2016","AQS","040139997","1","0.036","ppm","33","JLG SUPERSITE","17","100.0000","44201","Ozone","38060","Phoenix-Mesa-Scottsdale, AZ","04","Arizona","013","Maricopa","33.503833","-112.095767"
"12/04/2016","AQS","040139997","1","0.03","ppm","28","JLG SUPERSITE","17","100.0000","44201","Ozone","38060","Phoenix-Mesa-Scottsdale, AZ","04","Arizona","013","Maricopa","33.503833","-112.095767"
"12/05/2016","AQS","040139997","1","0.026","ppm","24","JLG SUPERSITE","17","100.0000","44201","Ozone","38060","Phoenix-Mesa-Scottsdale, AZ","04","Arizona","013","Maricopa","33.503833","-112.095767"
"12/06/2016","AQS","040139997","1","0.024","ppm","22","JLG SUPERSITE","17","100.0000","44201","Ozone","38060","Phoenix-Mesa-Scottsdale, AZ","04","Arizona","013","Maricopa","33.503833","-112.095767"
"12/07/2016","AQS","040139997","1","0.032","ppm","30","JLG SUPERSITE","17","100.0000","44201","Ozone","38060","Phoenix-Mesa-Scottsdale, AZ","04","Arizona","013","Maricopa","33.503833","-112.095767"
"12/08/2016","AQS","040139997","1","0.027","ppm","25","JLG SUPERSITE","17","100.0000","44201","Ozone","38060","Phoenix-Mesa-Scottsdale, AZ","04","Arizona","013","Maricopa","33.503833","-112.095767"
"12/09/2016","AQS","040139997","1","0.026","ppm","24","JLG SUPERSITE","17","100.0000","44201","Ozone","38060","Phoenix-Mesa-Scottsdale, AZ","04","Arizona","013","Maricopa","33.503833","-112.095767"
"12/10/2016","AQS","040139997","1","0.028","ppm","26","JLG SUPERSITE","17","100.0000","44201","Ozone","38060","Phoenix-Mesa-Scottsdale, AZ","04","Arizona","013","Maricopa","33.503833","-112.095767"
"12/11/2016","AQS","040139997","1","0.036","ppm","33","JLG SUPERSITE","17","100.0000","44201","Ozone","38060","Phoenix-Mesa-Scottsdale, AZ","04","Arizona","013","Maricopa","33.503833","-112.095767"
"12/12/2016","AQS","040139997","1","0.027","ppm","25","JLG SUPERSITE","17","100.0000","44201","Ozone","38060","Phoenix-Mesa-Scottsdale, AZ","04","Arizona","013","Maricopa","33.503833","-112.095767"
"12/13/2016","AQS","040139997","1","0.025","ppm","23","JLG SUPERSITE","17","100.0000","44201","Ozone","38060","Phoenix-Mesa-Scottsdale, AZ","04","Arizona","013","Maricopa","33.503833","-112.095767"
"12/14/2016","AQS","040139997","1","0.023","ppm","21","JLG SUPERSITE","17","100.0000","44201","Ozone","38060","Phoenix-Mesa-Scottsdale, AZ","04","Arizona","013","Maricopa","33.503833","-112.095767"
"12/15/2016","AQS","040139997","1","0.018","ppm","17","JLG SUPERSITE","17","100.0000","44201","Ozone","38060","Phoenix-Mesa-Scottsdale, AZ","04","Arizona","013","Maricopa","33.503833","-112.095767"
"12/17/2016","AQS","040139997","1","0.038","ppm","35","JLG SUPERSITE","17","100.0000","44201","Ozone","38060","Phoenix-Mesa-Scottsdale, AZ","04","Arizona","013","Maricopa","33.503833","-112.095767"
"12/18/2016","AQS","040139997","1","0.032","ppm","30","JLG SUPERSITE","17","100.0000","44201","Ozone","38060","Phoenix-Mesa-Scottsdale, AZ","04","Arizona","013","Maricopa","33.503833","-112.095767"
"12/19/2016","AQS","040139997","1","0.033","ppm","31","JLG SUPERSITE","17","100.0000","44201","Ozone","38060","Phoenix-Mesa-Scottsdale, AZ","04","Arizona","013","Maricopa","33.503833","-112.095767"
"12/20/2016","AQS","040139997","1","0.02","ppm","19","JLG SUPERSITE","17","100.0000","44201","Ozone","38060","Phoenix-Mesa-Scottsdale, AZ","04","Arizona","013","Maricopa","33.503833","-112.095767"
"12/21/2016","AQS","040139997","1","0.016","ppm","15","JLG SUPERSITE","17","100.0000","44201","Ozone","38060","Phoenix-Mesa-Scottsdale, AZ","04","Arizona","013","Maricopa","33.503833","-112.095767"
"12/22/2016","AQS","040139997","1","0.021","ppm","19","JLG SUPERSITE","17","100.0000","44201","Ozone","38060","Phoenix-Mesa-Scottsdale, AZ","04","Arizona","013","Maricopa","33.503833","-112.095767"
"12/23/2016","AQS","040139997","1","0.018","ppm","17","JLG SUPERSITE","17","100.0000","44201","Ozone","38060","Phoenix-Mesa-Scottsdale, AZ","04","Arizona","013","Maricopa","33.503833","-112.095767"
"12/24/2016","AQS","040139997","1","0.035","ppm","32","JLG SUPERSITE","17","100.0000","44201","Ozone","38060","Phoenix-Mesa-Scottsdale, AZ","04","Arizona","013","Maricopa","33.503833","-112.095767"
"12/25/2016","AQS","040139997","1","0.038","ppm","35","JLG SUPERSITE","17","100.0000","44201","Ozone","38060","Phoenix-Mesa-Scottsdale, AZ","04","Arizona","013","Maricopa","33.503833","-112.095767"
"12/26/2016","AQS","040139997","1","0.033","ppm","31","JLG SUPERSITE","17","100.0000","44201","Ozone","38060","Phoenix-Mesa-Scottsdale, AZ","04","Arizona","013","Maricopa","33.503833","-112.095767"
"12/27/2016","AQS","040139997","1","0.018","ppm","17","JLG SUPERSITE","17","100.0000","44201","Ozone","38060","Phoenix-Mesa-Scottsdale, AZ","04","Arizona","013","Maricopa","33.503833","-112.095767"
"12/28/2016","AQS","040139997","1","0.006","ppm","6","JLG SUPERSITE","17","100.0000","44201","Ozone","38060","Phoenix-Mesa-Scottsdale, AZ","04","Arizona","013","Maricopa","33.503833","-112.095767"
"12/29/2016","AQS","040139997","1","0.023","ppm","21","JLG SUPERSITE","17","100.0000","44201","Ozone","38060","Phoenix-Mesa-Scottsdale, AZ","04","Arizona","013","Maricopa","33.503833","-112.095767"
"12/30/2016","AQS","040139997","1","0.031","ppm","29","JLG SUPERSITE","17","100.0000","44201","Ozone","38060","Phoenix-Mesa-Scottsdale, AZ","04","Arizona","013","Maricopa","33.503833","-112.095767"
